{
  "main": {
    "id": "c89f74fd8b4eb301",
    "type": "split",
    "children": [
      {
        "id": "875052fa01127b53",
        "type": "tabs",
        "children": [
          {
            "id": "c7ffa10360d36be4",
            "type": "leaf",
            "state": {
              "type": "kanban",
              "state": {
                "file": "Kanban.md",
                "kanbanViewState": {
                  "kanban-plugin": "board",
                  "list-collapse": [
                    false
                  ]
                }
              },
              "icon": "lucide-trello",
              "title": "Kanban"
            }
          }
        ]
      }
    ],
    "direction": "vertical"
  },
  "left": {
    "id": "c33238492dc9405c",
    "type": "split",
    "children": [
      {
        "id": "82636aebbac87e34",
        "type": "tabs",
        "children": [
          {
            "id": "7dd5f93273f201b7",
            "type": "leaf",
            "state": {
              "type": "file-explorer",
              "state": {
                "sortOrder": "alphabetical"
              },
              "icon": "lucide-folder-closed",
              "title": "Files"
            }
          },
          {
            "id": "61618625ab50a1ba",
            "type": "leaf",
            "state": {
              "type": "search",
              "state": {
                "query": "",
                "matchingCase": false,
                "explainSearch": false,
                "collapseAll": false,
                "extraContext": false,
                "sortOrder": "alphabetical"
              },
              "icon": "lucide-search",
              "title": "Search"
            }
          },
          {
            "id": "668e9a9e438bd24c",
            "type": "leaf",
            "state": {
              "type": "bookmarks",
              "state": {},
              "icon": "lucide-bookmark",
              "title": "Bookmarks"
            }
          },
          {
            "id": "cceac961a9bfc4ba",
            "type": "leaf",
            "state": {
              "type": "tagfolder-view",
              "state": {},
              "icon": "stacked-levels",
              "title": "Tag Folder"
            }
          }
        ],
        "currentTab": 3
      }
    ],
    "direction": "horizontal",
    "width": 300
  },
  "right": {
    "id": "ae7df24afd26713b",
    "type": "split",
    "children": [
      {
        "id": "940560b83bf85349",
        "type": "tabs",
        "children": [
          {
            "id": "824da2c1aa6ee1ae",
            "type": "leaf",
            "state": {
              "type": "backlink",
              "state": {
                "file": "2024-10-25.md",
                "collapseAll": false,
                "extraContext": false,
                "sortOrder": "alphabetical",
                "showSearch": false,
                "searchQuery": "",
                "backlinkCollapsed": false,
                "unlinkedCollapsed": true
              },
              "icon": "links-coming-in",
              "title": "Backlinks for 2024-10-25"
            }
          },
          {
            "id": "82834026e45eee4c",
            "type": "leaf",
            "state": {
              "type": "outgoing-link",
              "state": {
                "file": "2024-10-25.md",
                "linksCollapsed": false,
                "unlinkedCollapsed": true
              },
              "icon": "links-going-out",
              "title": "Outgoing links from 2024-10-25"
            }
          },
          {
            "id": "9bf5e51a77cd3a8c",
            "type": "leaf",
            "state": {
              "type": "tag",
              "state": {
                "sortOrder": "frequency",
                "useHierarchy": true
              },
              "icon": "lucide-tags",
              "title": "Tags"
            }
          },
          {
            "id": "a90e945549c8f93d",
            "type": "leaf",
            "state": {
              "type": "outline",
              "state": {
                "file": "2024-10-25.md"
              },
              "icon": "lucide-list",
              "title": "Outline of 2024-10-25"
            }
          },
          {
            "id": "f6cde6035c03e55e",
            "type": "leaf",
            "state": {
              "type": "juggl_nodes",
              "state": {},
              "icon": "ag-node-list",
              "title": "Juggl nodes"
            }
          },
          {
            "id": "3b3689bb0c54877a",
            "type": "leaf",
            "state": {
              "type": "juggl_style",
              "state": {},
              "icon": "ag-style",
              "title": "Juggl style"
            }
          },
          {
            "id": "aa8d70c5426dc114",
            "type": "leaf",
            "state": {
              "type": "calendar",
              "state": {},
              "icon": "calendar-with-checkmark",
              "title": "Calendar"
            }
          }
        ]
      }
    ],
    "direction": "horizontal",
    "width": 300,
    "collapsed": true
  },
  "left-ribbon": {
    "hiddenItems": {
      "switcher:Open quick switcher": false,
      "graph:Open graph view": false,
      "canvas:Create new canvas": false,
      "daily-notes:Open today's daily note": false,
      "templates:Insert template": false,
      "command-palette:Open command palette": false,
      "templater-obsidian:Templater": false,
      "obsidian-book-search-plugin:Create new book note": false,
      "obsidian-kanban:Create new board": false,
      "periodic-notes:Open this week": false
    }
  },
  "active": "c7ffa10360d36be4",
  "lastOpenFiles": [
    "2024-10-27.md",
    "Kanban.md",
    "2024-W43.md",
    "Level 5 Master.md",
    "Index/406.01 GovernmentOrganization.md",
    "Level 4 Developing.md",
    "Level 3 Learning.md",
    "Level 1 Beginning.md",
    "Rogers Centre Ottawa.md",
    "Canada.md",
    "Ontario.md",
    "Ottawa.md",
    "AccelerateGov 2024.md",
    "408.02.01 EventVenue.md",
    "408.02 CivicStructure.md",
    "Index/408 Place.md",
    "Level 2 Emerging.md",
    "Treasury Board Secretariat.md",
    "Government of Canada.md",
    "Index/408.01 AdministrativeArea.md",
    "Index/404.01.01a addressLocality.md",
    "Index/404.05 Rating.md",
    "Index/404 Intangible.md",
    "Index/404.03 Class.md",
    "Index/404.04 Quantity.md",
    "Index/404.01 StructuredValue.md",
    "Index"
  ]
}